Title,Company Name,Rating,Experience,Salary,Location,Job Overview,Date Posted,Skills,URL
Senior Software Engineer,Wells Fargo,4.0,4-7 Yrs,Not disclosed,Bengaluru,"Knowledge of Spring Boot, Spring frameworks, Database, PCF, and REST API. 1+ years of e...",3 Days Ago,"remediation, spring boot, Multithreading, Architecture, Regulatory compliance, Design development, Operations, Monitoring",https://www.naukri.com/job-listings-senior-software-engineer-wells-fargo-india-solutions-pvt-ltd-bengaluru-4-to-7-years-101024501071
"Senior, Software Engineer",Walmart,3.9,1-9 Yrs,Not disclosed,Bengaluru,"Expert in Objective C programming & Swift 5 and above, iPhone SDK, SQLite Database, iPa...",5 Days Ago,"Performance tuning, XML, SEZ, Data structures, Product design, JSON, Open source, Information technology",https://www.naukri.com/job-listings-senior-software-engineer-walmart-labs-bengaluru-1-to-9-years-081024502548
Senior Software Engineer,Wells Fargo,4.0,4-7 Yrs,Not disclosed,Bengaluru,"Required Qualifications: . 4+ years of Software Engineering experience, or equivalent d...",5 Days Ago,"remediation, Coding, Bfsi, Finance, Regulatory compliance, MongoDB, Operations, Monitoring",https://www.naukri.com/job-listings-senior-software-engineer-wells-fargo-india-solutions-pvt-ltd-bengaluru-4-to-7-years-081024502019
Senior Software Engineer - iOS,upGrad,3.8,4-7 Yrs,Not disclosed,Bengaluru,UpGrad is looking for Senior Software Engineer - iOS to join our dynamic team and embar...,5 Days Ago,"core data, sqlite, android, ios, xcode, iphone, sap crm, objective c",https://www.naukri.com/job-listings-senior-software-engineer-ios-upgrad-bengaluru-4-to-7-years-081024500064
Senior Software Engineer - Android HAL,Quest Global,3.6,4-7 Yrs,Not disclosed,"Bengaluru, Thiruvananthapuram",Role & responsibilities  Senior Engineer responsible for Android BSP and HAL design and...,5 Days Ago,"Android HAL, Android, Andriod BSP, Linux Kernel, Board Support Package, Bsp, Linux, Software",https://www.naukri.com/job-listings-senior-software-engineer-android-hal-quest-global-bengaluru-thiruvananthapuram-4-to-7-years-081024020494
"SENIOR, SOFTWARE ENGINEER",Walmart,3.9,6-10 Yrs,Not disclosed,Bengaluru,This role is on our Maketplace Seller Acquisition and Onboarding team where we own the ...,6 Days Ago,"Coding, Information security, Agile, Application development, Visual Studio, microsoft, Troubleshooting, Android",https://www.naukri.com/job-listings-senior-software-engineer-walmart-labs-bengaluru-6-to-10-years-071024503406
"SENIOR, SOFTWARE ENGINEER",Walmart,3.9,5-10 Yrs,Not disclosed,Bengaluru,"Stay updated with emerging technologies and industry trends, recommending innovative so...",6 Days Ago,"Computer vision, Retail, Prototype, Information security, SEZ, Cosmos, Information technology, Monitoring",https://www.naukri.com/job-listings-senior-software-engineer-walmart-labs-bengaluru-5-to-10-years-071024503405
Sr. Software Engineer,Repucom,3.9,5-10 Yrs,Not disclosed,Bengaluru,Repucom is looking for Sr. Software Engineer to join our dynamic team and embark on a r...,6 Days Ago,"Computer science, Automation, Backend, Manager Quality Assurance, Linux, Automation tools, Javascript, SDK",https://www.naukri.com/job-listings-sr-software-engineer-repucom-bengaluru-5-to-10-years-071024502458
Senior Software Engineer,Repucom,3.9,4-8 Yrs,Not disclosed,Bengaluru,6-8 years of hands-on software development with a Bachelor s degree in computer science...,6 Days Ago,"Automation, Linux, Shell scripting, Agile, HTTP, Scrum, Test cases, Troubleshooting",https://www.naukri.com/job-listings-senior-software-engineer-repucom-bengaluru-4-to-8-years-071024502447
Senior Software Engineer,Repucom,3.9,3-8 Yrs,Not disclosed,Bengaluru,Repucom is looking for Senior Software Engineer to join our dynamic team and embark on ...,6 Days Ago,"Unix, Linux, Data modeling, RDBMS, MySQL, Shell scripting, Javascript, Agile",https://www.naukri.com/job-listings-senior-software-engineer-repucom-bengaluru-3-to-8-years-071024502446
Sr Software Engineer,Repucom,3.9,3-6 Yrs,Not disclosed,Bengaluru,"Bachelors or Master s degree in Computer Science, Software Engineering, or a related fi...",6 Days Ago,"Computer science, Networking, Coding, Social media, Debugging, JSON, Application security, Oracle",https://www.naukri.com/job-listings-sr-software-engineer-repucom-bengaluru-3-to-6-years-071024502436
Senior Software Engineer,Repucom,3.9,3-8 Yrs,Not disclosed,Bengaluru,"Bachelor s degree in computer science, engineering plus 5-8 years of experience in info...",6 Days Ago,"Unix, Automation, Linux, MySQL, Shell scripting, Application development, Oracle, Apache",https://www.naukri.com/job-listings-senior-software-engineer-repucom-bengaluru-3-to-8-years-071024502425
Sr Software Engineer - AM-TECH-DA-38,Repucom,3.9,3-6 Yrs,Not disclosed,Bengaluru,Knowledge of networking principles and security best practices.AWS certificationsJava e...,6 Days Ago,"Computer science, Automation testing, Networking, Coding, Debugging, Performance optimization, Selenium, AWS",https://www.naukri.com/job-listings-sr-software-engineer-am-tech-da-38-repucom-bengaluru-3-to-6-years-071024502421
Senior Software Engineer - Bigdata,Repucom,3.9,3-8 Yrs,Not disclosed,Bengaluru,"Bachelor s degree in computer science, engineering plus 4-8 years of experience in info...",6 Days Ago,"Unix, Automation, Linux, MySQL, Shell scripting, Application development, Oracle, Apache",https://www.naukri.com/job-listings-senior-software-engineer-bigdata-repucom-bengaluru-3-to-8-years-071024502397
Senior Software Engineer,Repucom,3.9,5-7 Yrs,Not disclosed,Bengaluru,Bachelor s degree in Computer Science . Strong understanding of fundamentals of compute...,6 Days Ago,"Computer science, Automation, Manager Quality Assurance, Linux, Social media, Javascript, SDK, Distribution system",https://www.naukri.com/job-listings-senior-software-engineer-repucom-bengaluru-5-to-7-years-071024502389
Senior/Lead Software Engineer - Data Engineering,Repucom,3.9,4-6 Yrs,Not disclosed,Bengaluru,Gitlab experience is a plus Must have strong analytical and technical skills with passi...,6 Days Ago,"Automation, Linux, Networking, Data modeling, Shell scripting, TIBCO, HTTP, Troubleshooting",https://www.naukri.com/job-listings-senior-lead-software-engineer-data-engineering-repucom-bengaluru-4-to-6-years-071024502382
Senior Software Engineer,Repucom,3.9,1-4 Yrs,Not disclosed,Bengaluru,Scrum Agile development experienceExperience with Pandas and Spark 8 years of working e...,6 Days Ago,"spark, Social media, Agile development, Cloud, Application development, Scrum, JIRA, AWS",https://www.naukri.com/job-listings-senior-software-engineer-repucom-bengaluru-1-to-4-years-071024502358
Senior Software Engineer - DT,Repucom,3.9,1-2 Yrs,Not disclosed,Bengaluru,"Experience with continuous deployment tools like GitLab pipelines, Terraform and Ansibl...",6 Days Ago,"NoSQL, Data modeling, RDBMS, Database design, Distribution system, Analytics, SQL, Python",https://www.naukri.com/job-listings-senior-software-engineer-dt-repucom-bengaluru-1-to-2-years-071024501156
Senior Software Engineer,Dori Ai,None,0-3 Yrs,Not disclosed,Bengaluru,Experience with large-scale distributed systems that have thousands of microservices an...,30+ Days Ago,"System architecture, C++, Front end, Coding, Web development, Data structures, HTML, Windows",https://www.naukri.com/job-listings-senior-software-engineer-dori-ai-bengaluru-0-to-3-years-240723500186
Senior Software Engineer,IBM,4.1,4-6 Yrs,Not disclosed,"Pune, Bengaluru",Good debugging skills both live system and offline core files Required Technical and Pr...,5 Days Ago,"com, git, jenkins, github, redmine, kubernetes, algorithms, c++",https://www.naukri.com/job-listings-senior-software-engineer-ibm-india-pvt-limited-pune-bengaluru-4-to-6-years-081024907181
